Game,Winner Move,LLM Move,Correct
1,Rg5#,Rg5#,True
2,Qxe7#,Qxe7#,True
3,Bf6#,Rg8#,False
4,Qxf1#,Qxf1#,True
5,Rh5#,Rh5#,True
6,Rf8#,Rf8#,True
7,Qg2#,Qh1#,False
8,Qxg2#,Qxg2#,True
9,Re8#,Re8#,True
10,Rxg2#,Rxg2#,True
11,Rd8#,Rd8#,True
12,Qd8#,Qd8#,True
13,Re4#,Rb4#,False
14,Be4#,Rd1#,False
15,Ra5#,Qa5#,False
16,Qh1#,Qh1#,True
17,Qh8#,Qh8#,True
18,Qxh7#,Qxh7#,True
19,Qxg2#,Qxg2#,True
20,Rh6#,Rh6#,True
21,Rh8#,Rh8#,True
22,Bxg2#,Qh3#,False
23,Ra5#,Ra5#,True
24,Qg7#,Qg7#,True
25,Qg5#,Qg5#,True
26,Rd8#,Rd8#,True
27,Rxh3#,Rxh3#,True
28,Qf7#,Qh5#,False
29,Rh7#,Rh7#,True
30,Qxb7#,Qxb7#,True
31,Rd1#,Rd1#,True
32,Qxe7#,Qxe7#,True
33,Re8#,Re8#,True
34,Rd8#,Qe8#,False
35,Rc8#,R7c3#,False
36,Rb1#,Rb1#,True
37,Qh8#,Qh8#,True
38,Qxf2#,Qxf2#,True
39,Ra3#,Ra3#,True
40,Rxd1#,Qh1#,False
41,Qxd8#,Qxd8#,True
42,Qd1#,Qd1#,True
43,R1d7#,R1d7#,True
44,Rh1#,Rh1#,True
45,Qxg2#,Qxg2#,True
46,Bxg5#,Qxh7#,False
47,Qxg3#,Qxg3#,True
48,Qxg7#,Qf7#,False
49,Rb1#,Rb1#,True
50,Qg4#,Qg4#,True
51,Qxg2#,Qxg2#,True
52,Qxh2#,Qh6#,False
53,Qd8#,Qd8#,True
54,Qg2#,Qg2#,True
55,Bxf4#,Bxf4#,True
56,Bxf2#,Qf6#,False
57,Rd7#,Rd1#,False
58,Qxe2#,Qxe2#,True
59,Rd7#,Rd7#,True
60,Rxe7#,Qh6#,False
61,Bxe3#,Qh6#,False
62,Qh4#,Qh4#,True
63,Rb1#,Rb1#,True
64,Qxg2#,Qxg2#,True
65,Rd1#,Rd1#,True
66,Be5#,Qg1#,False
67,Qc4#,Qc4#,True
68,Qxg6#,Qxg6#,True
69,Qxg7#,Qxg7#,True
70,Qxg2#,Qxg2#,True
71,Qh5#,Qh5#,True
72,Nf3#,Qh1#,False
73,Qfc1#,Qfc1#,True
74,Qf8#,Qf8#,True
75,Rg1#,Rg1#,True
76,Qxh1#,Qxh1#,True
77,Bd3#,Bd3#,True
78,Qxf2#,Qh1#,False
79,Qc3#,Qc3#,True
80,Qg7#,Qg7#,True
81,Qd7#,Qd7#,True
82,Qxc8#,Qxc8#,True
83,Qg4#,Qg4#,True
84,Qg1#,Qg1#,True
85,Ra1#,Ra1#,True
86,Qxc7#,Qxc7#,True
87,Qxf3#,Qh1#,False
88,Nxb6#,Qa8#,False
89,Qg7#,Qh7#,False
90,Qc2#,Qc2#,True
91,Qe4#,Qe4#,True
92,Qg2#,Qg2#,True
93,Bh3#,Rf3#,False
94,Ba3#,Ba3#,True
95,Qxh2#,Qh6#,False
96,Rh1#,Qh4#,False
97,Bg7#,Qc8#,False
98,Qf8#,Qf8#,True
99,Qxg2#,Qxg2#,True
100,Qxh6#,Qxh6#,True
101,Rxh5#,Qh6#,False
102,Rxf8#,Qh7#,False
103,Qxh8#,Qxh8#,True
104,Qh7#,Qh7#,True
105,Ra1#,Ra1#,True
106,Qb4#,Qb4#,True
107,Rh8#,Rh8#,True
108,Rh1#,Rh8#,False
109,Qe4#,Qe4#,True
110,Qxg7#,Qh4#,False
111,Qxc2#,Qc2#,False
112,Qxg7#,Qxh6#,False
113,Rxe1#,Rxe1#,True
114,Qxf2#,Qxf2#,True
115,Qa6#,Qa6#,True
116,Qxd6#,Qxd6#,True
117,Qxg2#,Qxg2#,True
118,Qh7#,Qh7#,True
119,Rh1#,Rh1#,True
120,Qg7#,Qg7#,True
121,Qg7#,Qg7#,True
122,Qxf7#,Qg8#,False
123,Rh7#,Rh7#,True
124,Qxg7#,Qxg7#,True
125,Qxg7#,Qxg7#,True
126,Bf7#,Qh3#,False
127,Qa8#,Qa8#,True
128,Qxf1#,Qxf1#,True
129,Qf3#,Qf3#,True
130,Qg7#,Qg7#,True
131,Qxb7#,Qxb7#,True
132,Ra4#,Ra4#,True
133,Qb2#,Qb2#,True
134,Qe8#,Qe8#,True
135,Qb2#,Qb2#,True
136,Qc8#,Qc8#,True
137,Qxh7#,Qxh7#,True
138,Qbe4#,,False
139,Rh6#,Qh3#,False
140,Rh3#,Rh3#,True
141,Rf2#,Rf2#,True
142,Ra5#,Ra5#,True
143,Qd8#,Qd8#,True
144,Qxa2#,Qxa2#,True
145,Ra1#,Ra2#,False
146,Rg7#,Qh7#,False
147,Qg7#,Qg7#,True
148,Rxh5#,Qe4#,False
149,Qxg7#,Qxg7#,True
150,Qh1#,Qh1#,True
151,Qxe7#,Qxe7#,True
152,Rh8#,Rh8#,True
153,Qxf8#,Qxf8#,True
154,Qxa7#,Qxa7#,True
155,Rh3#,Rh3#,True
156,Rh8#,Rh8#,True
157,Qxe2#,Qxe2#,True
158,Qf7#,Qf7#,True
159,Qg2#,Qh1#,False
160,Qxh2#,Qh6#,False
161,Bxd4#,Qd1#,False
162,Qxh7#,Qxh7#,True
163,Nh6#,Qh3#,False
164,Rg8#,Rg8#,True
165,Qh8#,Qh8#,True
166,Qxh7#,Qxh7#,True
167,Qg7#,Qg7#,True
168,Qxb7#,Qxb7#,True
169,Qh5#,Qh8#,False
170,Qxa8#,Qxa8#,True
171,Qg2#,Qg2#,True
172,Rf8#,Rf8#,True
173,Be5#,Bg3#,False
174,Qf4#,Qf4#,True
175,Qxh2#,Qxh2#,True
176,Qh1#,Qh1#,True
177,Ra8#,Ra8#,True
178,Qg2#,Qh1#,False
179,Rc5#,Rc5#,True
180,Ne7#,Rh8#,False
181,Qg7#,Qh7#,False
182,Qxf2#,Qxf2#,True
183,Rh3#,Rh3#,True
184,Qxf1#,Qf3#,False
185,Qxb7#,Qe6#,False
186,Qxg2#,Qxg2#,True
187,Qxf7#,Qxf7#,True
188,Qg2#,Qg2#,True
189,Qf7#,Qf7#,True
190,Qxc7#,Qxc7#,True
191,Qxf8#,Qxf7#,False
192,Be7#,Qh3#,False
193,Qxf2#,Qxf2#,True
194,Ba3#,Qd2#,False
195,Rxb3#,Qg7#,False
196,Qxf7#,Qxf7#,True
197,Qxd7#,Qxd7#,True
198,Qf7#,Qf7#,True
199,Rg1#,Rg1#,True
200,Nf7#,Nf7#,True
201,Qd6#,Qd6#,True
202,Qxh2#,Qxh2#,True
203,Qxg2#,Qxg2#,True
204,Qxg7#,Qxg7#,True
205,Re3#,Re3#,True
206,Qxd1#,Qxd1#,True
207,Rcxf3#,Rfxf3#,False
208,Rh1#,Ra1#,False
209,Qxf2#,Qxf2#,True
210,Qxh6#,Qxh6#,True
211,Rb4#,Rb4#,True
212,Qxc7#,Qxc7#,True
213,Qh1#,Qh1#,True
214,Qxh1#,Qxh1#,True
215,Qh3#,Qh3#,True
216,Qe8#,Qe1#,False
217,Rg2#,Rh8#,False
218,Rf8#,Rf8#,True
219,Qxh7#,Qh7#,False
220,Qf7#,Qf7#,True
221,Rh3#,Rg3#,False
222,Qh8#,Qh8#,True
223,Qg8#,Qg8#,True
224,Qxe7#,Qxe7#,True
225,Qf7#,Qh7#,False
226,Rf1#,Rf1#,True
227,Qxg7#,Qxg7#,True
228,Qxc7#,Qxc7#,True
229,Qf7#,Qf7#,True
230,Rh1#,Qh6#,False
231,Qe2#,Qh1#,False
232,Rh8#,Rh8#,True
233,Qxc6#,Qg5#,False
234,Qh5#,Qh5#,True
235,Re1#,Re1#,True
236,Qh2#,Qh2#,True
237,Qb7#,Qb7#,True
238,Qb1#,Qb1#,True
239,Qh4#,Qh4#,True
240,Qxg7#,Qxg7#,True
241,Qh3#,Qh1#,False
242,Rh4#,Rh4#,True
243,Qxa7#,Qxa7#,True
244,Ra8#,Ra8#,True
245,Rxe8#,Qd8#,False
246,Qxh7#,Qxh7#,True
247,Bf7#,Qh5#,False
248,Qxf2#,Qxf2#,True
249,Ne6#,Rh8#,False
250,Ng3#,Qh2#,False
251,Rg2#,Rg2#,True
252,Qxf7#,Qxf7#,True
253,Qf7#,Qh6#,False
254,Rd8#,Rd8#,True
255,Qxe1#,Qxe1#,True
256,Rh3#,Rh3#,True
257,Qb8#,Qb8#,True
258,Qxf2#,Qxf2#,True
259,Rf8#,Rf8#,True
260,Be4#,Rb8#,False
261,Qxg2#,Qxg2#,True
262,Ra7#,Rc8#,False
263,Qe2#,Qe1#,False
264,Qg5#,Qg5#,True
265,Qh4#,Qh4#,True
266,Rh5#,Qh4#,False
267,Ng3#,Qh4#,False
268,Qxe3#,Qxe3#,True
269,Nc7#,Nc7#,True
270,Re8#,Re8#,True
271,Qa8#,Qa8#,True
272,Qxe1#,Qxe1#,True
273,Qxg2#,Qxg2#,True
274,Rxe8#,Rxe8#,True
275,Qh7#,Qh7#,True
276,Qh8#,Qh8#,True
277,Qxg7#,Qxg7#,True
278,Qxf8#,Qxf8#,True
279,Qxg2#,Qxg2#,True
280,Qxd4#,Qxd4#,True
281,Qca7#,Qa8#,False
282,Qf4#,Qf4#,True
283,Rf8#,Rf8#,True
284,Qd7#,Qh7#,False
285,Ra3#,Ra3#,True
286,Qf4#,Qf5#,False
287,Ra7#,Qa7#,False
288,Qf7#,Qh8#,False
289,Qe5#,Qe5#,True
290,Qxf7#,Qxf7#,True
291,Rxd1#,Rxd1#,True
292,Qh7#,Qh7#,True
293,Qxg7#,Qxg7#,True
294,Qh8#,Qh8#,True
295,Qb6#,Qb6#,True
296,Qxf7#,Qxf7#,True
297,Ra1#,R1b3#,False
298,Qxg8#,Qxg8#,True
299,Qxg7#,Qxg7#,True
300,Qe7#,Qh7#,False
301,Qh8#,Qh8#,True
302,Qxf7#,Qh5#,False
303,Qa8#,Qa8#,True
304,Qg8#,Qg8#,True
305,Rg1#,Rg1#,True
306,Qxe1#,Qxe1#,True
307,Rh5#,Rh5#,True
308,Ra8#,Ra8#,True
309,Qg3#,Qg3#,True
310,Rc8#,Rc8#,True
311,Qb2#,Qb2#,True
312,Qg1#,Qg1#,True
313,Qh5#,Qh5#,True
314,Qxh7#,Qxh7#,True
315,Ra5#,Ra5#,True
316,Qxd7#,Qd5#,False
317,Qg2#,Qg2#,True
318,Qa5#,Qa5#,True
319,Qf5#,Qf5#,True
320,Rc1#,Rc1#,True
321,Rg1#,Rg1#,True
322,Rc3#,Rc3#,True
323,Nxb6#,Qd5#,False
324,Qxg7#,Qxg7#,True
325,Qxh2#,Qh4#,False
326,Qc1#,Qh6#,False
327,Qxg7#,Qxg7#,True
328,Qxg2#,Qh5#,False
329,Ra8#,Ra8#,True
330,Ra3#,Ra3#,True
331,Qxg7#,Qxg7#,True
332,Rxh6#,Rxh6#,True
333,Qxf2#,Qxf2#,True
334,Qxf7#,Qxf7#,True
335,Qh7#,Qh7#,True
336,Qxg2#,Qxg2#,True
337,Qg8#,Qg8#,True
338,Qg2#,Qg2#,True
339,Qf7#,Qf7#,True
340,Qh5#,Qh7#,False
341,Rag2#,Rhg2#,False
342,Qh7#,Qh7#,True
343,Qh1#,Qh1#,True
344,Qxc3#,Qxc3#,True
345,Bf6#,Rf5#,False
346,Rf1#,Qa6#,False
347,Qxg2#,Qxg2#,True
348,Qh2#,Qh2#,True
349,Qxh2#,Qh4#,False
350,Ra1#,Qa6#,False
351,Rd4#,Qf4#,False
352,Rh8#,Rh8#,True
353,Qd1#,Qd1#,True
354,Qxb2#,Qb5#,False
355,Qb7#,Qb7#,True
356,Qxf7#,Qxf7#,True
357,Qh5#,Qh7#,False
358,Qg2#,Qg2#,True
359,Qxg7#,,False
360,Qxh7#,Qxh7#,True
361,Qc3#,Qc3#,True
362,Qh7#,Qh7#,True
363,Bf4#,Qh7#,False
364,Qe7#,Qe7#,True
365,Rf4#,Rf4#,True
366,Ra1#,Ra1#,True
367,Qc3#,Qc3#,True
368,Qf7#,Qf7#,True
369,Qxe8#,Qe8#,False
370,Qg7#,Qg7#,True
371,Qxg7#,Qxg7#,True
372,Q1xd1#,Qh2#,False
373,Qxf2#,Qxf2#,True
374,Rxh7#,Rh7#,False
375,Qxg2#,Qxg2#,True
376,R1b5#,R1b5#,True
377,Qxg2#,Qh2#,False
378,Qf7#,Qh8#,False
379,h4#,Qh5#,False
380,Rxd8#,Rxd8#,True
381,Qxe2#,Qxe2#,True
382,Qa7#,Qa7#,True
383,Qxf7#,Qxf7#,True
384,Qxg2#,Qxg2#,True
385,Qxg7#,Qxg7#,True
386,Qd7#,Qd7#,True
387,g4#,Rd4#,False
388,Rh1#,Rh1#,True
389,Qxg7#,Qxg7#,True
390,Qxf1#,Qf1#,False
391,Qh1#,Qh1#,True
392,Qh2#,Qh2#,True
393,Ra1#,Ra1#,True
394,Bf7#,Qh5#,False
395,Qe5#,Qe5#,True
396,Qxf2#,Qxf2#,True
397,Rb2#,Rb2#,True
398,Rh4#,Rh4#,True
399,Qg7#,Qg7#,True
400,Qf6#,Qf6#,True
401,Qc8#,Qc8#,True
402,Qh8#,Qh8#,True
403,Qh2#,Qh2#,True
404,Qxg3#,Qxg3#,True
405,Qxg2#,Qxg2#,True
406,Qb2#,Qh1#,False
407,Qe4#,Qe4#,True
408,Qd7#,Qd7#,True
409,Qcxd4#,Qc1#,False
410,Qxf7#,Qh5#,False
411,Rb8#,Rb8#,True
412,Rxb7#,Rxb7#,True
413,Rxe1#,Rxe1#,True
414,Qxc7#,Qa8#,False
415,Qd2#,Qd2#,True
416,Qg7#,Qg7#,True
417,Re1#,Re4#,False
418,Qf7#,Qh8#,False
419,Qxg2#,Qxg2#,True
420,Qxf1#,Qxf1#,True
421,Qe2#,Qe2#,True
422,Qb8#,Qb8#,True
423,Qh5#,Qh5#,True
424,Qg7#,Qh7#,False
425,Qxg7#,Qh7#,False
426,Rxe8#,Rxe8#,True
427,Qd1#,Qd1#,True
428,Qxh7#,Qh7#,False
429,Re7#,Qa8#,False
430,Rf1#,Qh6#,False
431,Qc8#,Qc8#,True
432,Qc2#,Qa1#,False
433,Qf7#,Qf7#,True
434,Re3#,Qxg2#,False
435,Bxc7#,Rc1#,False
436,Rc8#,Rc8#,True
437,Qxd7#,Qxd7#,True
438,Rf2#,Rf2#,True
439,Qh4#,Qh4#,True
440,Qxf7#,Qxf7#,True
441,Rh1#,Qh6#,False
442,Qa8#,Qa8#,True
443,Qc1#,Qc1#,True
444,Qxh2#,Qxh2#,True
445,Qc3#,Qc3#,True
446,Rd8#,Rd8#,True
447,Qf7#,Qf7#,True
448,Qe2#,Qe2#,True
449,Rh1#,Rh1#,True
450,Rxe8#,Rxe8#,True
451,Qxh7#,Qxh7#,True
452,Qh1#,Qh1#,True
453,Qxh4#,Qxh4#,True
454,R6h3#,R6h3#,True
455,Qg1#,Qg1#,True
456,Qxf7#,Qh6#,False
457,Qxf7#,Qxf7#,True
458,Rxc8#,Rxc8#,True
459,Qg2#,Qh1#,False
460,Qh7#,Qh7#,True
461,Raxa2#,Rb8#,False
462,Qc3#,Qc3#,True
463,Qxd2#,Qxd2#,True
464,Qxh3#,Qxh3#,True
465,Ra5#,Ra1#,False
466,Re8#,Re8#,True
467,Qg7#,Qh8#,False
468,Ra8#,Ra8#,True
469,Be6#,Qh8#,False
470,Qg7#,Qg7#,True
471,Rbf2#,Rg1#,False
472,Qxg2#,Qxg2#,True
473,c4#,Qc4#,False
474,Rhxh6#,Rhxh6#,True
475,Be2#,Rf3#,False
476,Qg6#,Qh7#,False
477,Qxg2#,Qxg2#,True
478,Qxh2#,Qxh2#,True
479,Qee1#,,False
480,Qxg7#,Qh3#,False
481,Qg2#,Qg2#,True
482,Qh7#,Qh7#,True
483,Qd7#,Qd7#,True
484,Qxg2#,Qxg2#,True
485,Qf1#,Qf1#,True
486,Rc8#,Rc8#,True
487,Qxg7#,Qxg7#,True
488,Rf1#,Qa7#,False
489,Qxc2#,Qxc2#,True
490,Qxb4#,Qxb4#,True
491,Qxb8#,Qxb8#,True
492,Qg2#,Qg2#,True
493,Qg7#,Qg7#,True
494,Qxf7#,Qxf7#,True
495,Rh8#,Qh4#,False
496,Qcc1#,Qcc1#,True
497,Qh2#,Qh2#,True
498,Qh2#,Qh2#,True
499,Rf7#,Qf7#,False
500,Qd7#,Qd7#,True
501,Qe2#,Qe2#,True
502,Qe8#,Qe8#,True
503,Qf2#,Qf2#,True
504,Qg1#,Qg1#,True
505,Rh5#,Rh5#,True
506,Qg8#,Qg8#,True
507,Rc8#,Qc8#,False
508,Qxh3#,Qxh3#,True
509,Qxg2#,Qxg2#,True
510,Qf2#,Qf2#,True
511,Qxh2#,Qxh2#,True
512,Rd1#,Rd1#,True
513,Qh8#,Qh8#,True
514,Rh5#,Rh5#,True
515,Qc7#,Qc7#,True
516,Re8#,,False
517,Qh1#,Qh1#,True
518,Qf7#,Qf7#,True
519,Qxf2#,Qxf2#,True
520,f7#,Qh5#,False
521,Qd7#,Qd7#,True
522,Qxd8#,Qd7#,False
523,Qf3#,Qf3#,True
524,Qxg2#,Qxg2#,True
525,Qa4#,Qa4#,True
526,Qb7#,Qb7#,True
527,Qd5#,Qd5#,True
528,Qd7#,Qd7#,True
529,Qxg1#,Qxg1#,True
530,Qh3#,Qh3#,True
531,Qg6#,Qg6#,True
532,Qg7#,Qg7#,True
533,Rxe1#,Rd8#,False
534,Qf7#,Qf7#,True
535,gxf8=Q#,Qg1#,False
536,Qxg7#,Qxg7#,True
537,Qxh7#,Qxh7#,True
538,Qe7#,Qe7#,True
539,Qxh7#,Qxh7#,True
540,Qd1#,Qd1#,True
541,Qf8#,Qf8#,True
542,Qg2#,Qg2#,True
543,Qg4#,Qg4#,True
544,Qc2#,Qc2#,True
545,Qh2#,Qh2#,True
546,Ra8#,Ra8#,True
547,Rxe8#,Rxe8#,True
548,Nxf6#,Qh5#,False
549,Ra1#,Qd4#,False
550,Rf8#,Qh7#,False
551,a4#,Qe5#,False
552,Qf7#,Qf7#,True
553,Rxh3#,Rxh3#,True
554,Qxf7#,Qxf7#,True
555,Qxc7#,Qxc7#,True
556,Qc7#,Qc7#,True
557,Qh7#,Qh7#,True
558,Bc6#,Bc1#,False
559,Qxg8#,Qxg8#,True
560,Qh2#,Qh2#,True
561,Re8#,Re8#,True
562,Qg3#,Qg3#,True
563,Rc8#,Qb8#,False
564,Qxf2#,Qxf2#,True
565,Rh1#,Rh1#,True
566,e5#,Bc6#,False
567,Qd1#,Qd1#,True
568,Rc2#,Rc2#,True
569,Re8#,Re8#,True
570,Qxc8#,Qxc8#,True
571,Qh3#,Qh3#,True
572,Qg2#,Qg2#,True
573,Nd7#,Nd7#,True
574,Rh1#,Rh1#,True
575,Qc7#,Qc7#,True
576,Rxf2#,Rxf2#,True
577,Qxg2#,Qh2#,False
578,Rc1#,Rc1#,True
579,Qxf7#,Qxf7#,True
580,Re1#,Re1#,True
581,Qh7#,Qh7#,True
582,Rc8#,Qf8#,False
583,Rh8#,Rh8#,True
584,Bh6#,Qb3#,False
585,Qxh7#,Qxh7#,True
586,Qxh2#,Qxh2#,True
587,Qxf7#,Qxf7#,True
588,Qh1#,Qh1#,True
589,Nf3#,Rh1#,False
590,Qa2#,Qa2#,True
591,Re1#,Re1#,True
592,gxh7#,Qf7#,False
593,Qxg7#,Qxg7#,True
594,Qg2#,Qg2#,True
595,Nd5#,Qh7#,False
596,Qa5#,Qa5#,True
597,Qxd1#,Qh1#,False
598,Qxh2#,Qxh2#,True
599,Qh5#,Qh5#,True
600,e8=Q#,Qh7#,False
601,Qe7#,Qh8#,False
602,Ra7#,Ra7#,True
603,Qxh6#,Qxh6#,True
604,Re2#,Qa4#,False
605,g3#,Qh3#,False
606,Rc2#,Rg3#,False
607,Rf1#,Rf1#,True
608,Qd8#,Qd8#,True
609,Qd1#,Qd1#,True
610,Rd1#,Rd1#,True
611,Qc3#,Qc3#,True
612,Qg6#,Qg6#,True
613,Qxh7#,Qxh7#,True
614,Qxg2#,Qh5#,False
615,Qxb7#,Qb5#,False
616,Rb1#,Rb1#,True
617,Qxa7#,Qxa7#,True
618,Qxg2#,Qxg2#,True
619,Qh2#,Qh2#,True
620,Rg1#,Rg1#,True
621,Qxg1#,Qxg1#,True
622,Rxb8#,Rxb8#,True
623,Ra1#,Ra1#,True
624,Qxf2#,Qxf2#,True
625,Qe6#,Qe6#,True
626,Rf5#,Rh8#,False
627,Qxh7#,Qxh7#,True
628,Qa2#,Qa2#,True
629,Qxf2#,Qxf2#,True
630,Qg2#,Qh2#,False
631,Qxh7#,Qxh7#,True
632,Qxh7#,Qh6#,False
633,Qd8#,Qd8#,True
634,Qxg8#,Qxg8#,True
635,Qxh2#,Qh3#,False
636,Qb7#,Qb7#,True
637,Rh1#,Rh8#,False
638,Rxe8#,Re8#,False
639,Qxc8#,Qxc8#,True
640,Rc8#,Rc8#,True
641,Qc7#,Qg5#,False
642,Qg7#,Qg7#,True
643,Qh7#,Qh7#,True
644,Qxc1#,Qxc1#,True
645,Rc7#,Rc7#,True
646,Qe1#,Qe1#,True
647,Qxf2#,Qxf2#,True
648,Bg2#,Bg2#,True
649,Qxh3#,Qh5#,False
650,Rh3#,Rh3#,True
651,Nf6#,Nf6#,True
652,Qxh6#,Qh3#,False
653,Qxg2#,Qxg2#,True
654,Qxh7#,Qh6#,False
655,Qb1#,Qb1#,True
656,Qh6#,Qh6#,True
657,Qxf7#,Qxf7#,True
658,Re7#,Re7#,True
659,Qe8#,Qe8#,True
660,Qb7#,Qb7#,True
661,Rf1#,Rf1#,True
662,Qxc2#,Qc6#,False
663,Qh4#,Qh4#,True
664,Rb6#,Rf8#,False
665,Qg7#,Qg7#,True
666,Qf3#,Qf3#,True
667,Qdh8#,,False
668,Qaa8#,Qh7#,False
669,Qh5#,Qh5#,True
670,Qh1#,Qh1#,True
671,Qxg2#,Qxg2#,True
672,Qb3#,Qb3#,True
673,Qb7#,Qb7#,True
674,Qg7#,Qh8#,False
675,Qh5#,Qh5#,True
676,Qxg7#,Qh5#,False
677,axb6#,Qa4#,False
678,Qh1#,Qh1#,True
679,Rh1#,Rh1#,True
680,Qxh4#,Qxh4#,True
681,Qxd7#,Qd5#,False
682,Qd1#,Qd1#,True
683,Qd1#,Qd1#,True
684,Qc8#,Qc8#,True
685,Rxh2#,Rxh2#,True
686,Qh7#,Qh7#,True
687,Rf8#,Qf8#,False
688,Qxc2#,Qxc2#,True
689,Qd1#,Qd1#,True
690,Qg8#,Qh7#,False
691,Qxb5#,Qe4#,False
692,Bxf6#,Rg8#,False
693,e8=Q#,Rh3#,False
694,Rxe8#,Rxe8#,True
695,Re1#,Qh2#,False
696,Rd8#,Rd8#,True
697,Qe7#,Qh8#,False
698,Qg2#,Qh2#,False
699,Qhh1#,,False
700,Nxf7#,Qxh7#,False
701,Rh6#,Rh6#,True
702,Qb1#,Qb1#,True
703,Rh1#,Rh1#,True
704,Rg8#,Rg8#,True
705,Rg1#,Rg1#,True
706,Qc7#,Qc7#,True
707,Qg5#,Qg5#,True
708,Qa1#,Qa1#,True
709,Qxe1#,Qxe1#,True
710,Qh5#,Qh5#,True
711,Qb7#,Qb7#,True
712,Qh8#,Qh8#,True
713,Qxh7#,Qxh7#,True
714,Qxg7#,Qxg7#,True
715,Rf1#,Qa5#,False
716,R1h7#,R1h7#,True
717,Qh7#,Qh7#,True
718,Qxd1#,Qxd1#,True
719,Qg2#,Qg2#,True
720,Rxd1#,Rxd1#,True
721,Qxg2#,Qxg2#,True
722,Qxc2#,Qxc2#,True
723,Rxe8#,Rxe8#,True
724,Qe1#,Qf7#,False
725,Rh8#,Rh8#,True
726,Qh7#,Qh7#,True
727,Qg8#,Qg8#,True
728,Qxb2#,Qb4#,False
729,Qh6#,Qh6#,True
730,Rh1#,Qh6#,False
731,Bh6#,Rxd7#,False
732,Rxa4#,Qh2#,False
733,Qf1#,Qf1#,True
734,Re8#,Rh8#,False
735,Qxc8#,Qa7#,False
736,Rg8#,Rg8#,True
737,Qh2#,Qh2#,True
738,Bg6#,Qf5#,False
739,Qxb3#,Qxb3#,True
740,Qxg2#,Qxg2#,True
741,f8=Q#,f8=Q#,True
742,Qf7#,Qf7#,True
743,Qxg6#,Qxg6#,True
744,Ra4#,Ra4#,True
745,Qxf7#,Qh7#,False
746,Qh7#,Qh7#,True
747,Ra8#,Ra8#,True
748,Qh5#,Qh5#,True
749,Qf2#,Qf2#,True
750,f1=Q#,Qh2#,False
751,Rg8#,Rg8#,True
752,g3#,Rh7#,False
753,Qd2#,Qd2#,True
754,Qd1#,Qd1#,True
755,Rxf8#,Rxf8#,True
756,Qxf7#,Qxf7#,True
757,Ndf6#,Qh4#,False
758,Rxh2#,Qf8#,False
759,Qxg2#,Qxg2#,True
760,Qf2#,Qf2#,True
761,Bg6#,Qh8#,False
762,Rf1#,Qh2#,False
763,Rxd8#,Qb7#,False
764,Qxh7#,Qxh7#,True
765,Qxh2#,Qh6#,False
766,Rxe8#,Qh6#,False
767,Qgg8#,Qgg8#,True
768,Qxh6#,Qxh6#,True
769,Rh1#,Rh1#,True
770,Rxf8#,Qf1#,False
771,Qxh7#,Qxh7#,True
772,Qxg2#,Qxg2#,True
773,R1h7#,R1h7#,True
774,Nxf2#,Qh4#,False
775,Qxg2#,Qxg2#,True
776,Qxf7#,Qxf7#,True
777,Rh1#,Rh1#,True
778,Qg3#,Qg1#,False
779,Rxe8#,Rxe8#,True
780,Qxb7#,Qxb7#,True
781,Qh8#,Qh8#,True
782,Rh8#,Rh8#,True
783,Qb4#,Qb4#,True
784,Rh7#,Qh7#,False
785,Nc6#,Qc6#,False
786,Rf5#,Qf2#,False
787,Qg7#,Qg7#,True
788,Rd8#,Qf7#,False
789,Qc5#,Qc5#,True
790,Qf2#,Qf2#,True
791,Rxh3#,Rh1#,False
792,Qca5#,Qca5#,True
793,Qd8#,Qd8#,True
794,Rh1#,Rh1#,True
795,Rh8#,Rh8#,True
796,Qxf7#,Qxf7#,True
797,Ng4#,Ng6#,False
798,Qd2#,Qd2#,True
799,Qxg7#,Qh2#,False
800,Rc4#,Rc4#,True
801,Rxc1#,Ra8#,False
802,Qf7#,Qf7#,True
803,Qxh2#,Qxh2#,True
804,Qf2#,Qg1#,False
805,Qxf2#,Qxf2#,True
806,Qxg2#,Qxg2#,True
807,Ne6#,Rd8#,False
808,Qxf7#,Qxf7#,True
809,Rh2#,Rh2#,True
810,Ne4#,Ne4#,True
811,Qh8#,Qh8#,True
812,Qxh6#,,False
813,Qxg7#,Qxg7#,True
814,Qd8#,Qd8#,True
815,a5#,Qb4#,False
816,Ra8#,Ra8#,True
817,Rd8#,Rd8#,True
818,Qb1#,Qb1#,True
819,Qxg2#,Qxg2#,True
820,Qf3#,Qh5#,False
821,Rh8#,Rh8#,True
822,Qg2#,Qg2#,True
823,Qf7#,Qf7#,True
824,Ra1#,Qh6#,False
825,Rxd8#,Rxd8#,True
826,Nxa8#,Nxa8#,True
827,Qxg7#,Qxg7#,True
828,Re1#,Re1#,True
829,Rh8#,Rh6#,False
830,Re1#,Rf1#,False
831,Qxg7#,Qxg7#,True
832,Qf3#,Qf3#,True
833,Qb1#,Qb1#,True
834,Qe8#,Qe8#,True
835,Qf8#,Qf8#,True
836,Rf2#,Rf2#,True
837,Qg7#,Qg7#,True
838,Qf7#,Qg8#,False
839,Ra1#,Ra1#,True
840,Qh1#,Qh1#,True
841,Re1#,Qe1#,False
842,Qh4#,Qh4#,True
843,Bg7#,Qh5#,False
844,Qf7#,Qf7#,True
845,Qf1#,Qf1#,True
846,Rc8#,Rc8#,True
847,Qxb7#,Qxb7#,True
848,Rf2#,Rf2#,True
849,Rb8#,Rb8#,True
850,Ra4#,Ra4#,True
851,Qxg2#,Qxg2#,True
852,Qxh7#,Qxh7#,True
853,Qxg7#,Qxg7#,True
854,Rg1#,Qe2#,False
855,Nf6#,Rh5#,False
856,Qb4#,Qb4#,True
857,Rh1#,Rh1#,True
858,Qg7#,Qh7#,False
859,Qf6#,Qf6#,True
860,Qg2#,Qg2#,True
861,Qf8#,Qf8#,True
862,Rb8#,Rb8#,True
863,Rf1#,Rh8#,False
864,Qxg2#,Qxg2#,True
865,Qxf8#,Qxf8#,True
866,Qxf5#,Qxf5#,True
867,Qxh7#,Qxh7#,True
868,Qxg7#,Qxg7#,True
869,Qb7#,Qb8#,False
870,Qxh2#,Qxh2#,True
871,Rh1#,Rh1#,True
872,Rh2#,Rh2#,True
873,Qe6#,Qe6#,True
874,Qxh2#,Qxh2#,True
875,Qxf2#,Qxf2#,True
876,Qfc3#,,False
877,Qxf3#,Qxf3#,True
878,Qxg1#,Qxg1#,True
879,Qxc7#,Qxc7#,True
880,Qf8#,Qf8#,True
881,f4#,Qh8#,False
882,Qg2#,Qg2#,True
883,Qg5#,Qh4#,False
884,Qxf8#,Qxf8#,True
885,Rg8#,Rg8#,True
886,Bg2#,Qf1#,False
887,Be3#,Qh6#,False
888,Rg1#,Rf2#,False
889,Qb7#,Qb7#,True
890,Qxg2#,Qxg2#,True
891,Qh7#,Qh7#,True
892,Bf7#,Rf7#,False
893,Qg4#,Qg4#,True
894,Re6#,Re6#,True
895,Qxf7#,Qxf7#,True
896,Qb2#,Qb2#,True
897,Rh8#,Rh8#,True
898,Nf6#,Rh8#,False
899,Qg8#,Qg8#,True
900,Qxf2#,Qxf2#,True
901,Qxh2#,Qxh2#,True
902,Qf6#,Qh7#,False
903,Ra7#,R1b5#,False
904,Qe2#,Qe2#,True
905,Qh8#,Qh8#,True
906,Qxe8#,Qxe8#,True
907,Rxc8#,Rxc8#,True
908,Re1#,Rh2#,False
909,Qe7#,Qh8#,False
910,Qh5#,Qh1#,False
911,Rxd8#,Qh8#,False
912,Qxg2#,Qxg2#,True
913,Qxh2#,Qh5#,False
914,Qxg2#,Qh5#,False
915,Qd2#,Qd6#,False
916,Rc8#,Rc8#,True
917,Qg7#,Qh8#,False
918,Qh7#,Qh7#,True
919,Qf7#,Qf7#,True
920,Qh7#,Qh7#,True
921,Qxd8#,Qd8#,False
922,Qc1#,Qc1#,True
923,Rf1#,Qf1#,False
924,Qe7#,Qf8#,False
925,Qf4#,Qf4#,True
926,Rf1#,Rf1#,True
927,Qxg2#,Qxg2#,True
928,g8=Q#,Qh5#,False
929,Qxe1#,Qxe1#,True
930,Qxg2#,Qxg2#,True
931,Qxc6#,Qxc6#,True
932,Rxh2#,Rxh2#,True
933,Qe1#,Qe1#,True
934,Qg4#,Qg4#,True
935,Qd8#,Qd8#,True
936,e8=Q#,e8=Q#,True
937,Rf6#,Qf6#,False
938,Bd6#,Qe8#,False
939,Qxg7#,Qxg7#,True
940,Re8#,Re7#,False
941,Rd1#,Rd1#,True
942,Qxf7#,Qxf7#,True
943,Qxd2#,Qxd2#,True
944,Rxg4#,Rxg4#,True
945,Qxg7#,Qxg7#,True
946,Qg2#,Qg2#,True
947,Qc8#,Qc8#,True
948,Qxf2#,Qf2#,False
949,Rf8#,Rf8#,True
950,Qxf7#,Qxf7#,True
951,Qd1#,Qd1#,True
952,Qxg2#,Qxg2#,True
953,Re8#,Re8#,True
954,Qxg2#,Qxg2#,True
955,Qxh7#,Qxh7#,True
956,Re8#,Re8#,True
957,Rxd8#,Qc8#,False
958,Qb7#,Qb7#,True
959,Rh8#,Rh8#,True
960,Bf3#,Qh4#,False
961,Qc7#,Qc7#,True
962,Ra2#,Ra2#,True
963,Qf2#,Qf2#,True
964,Qh7#,Qh7#,True
965,Qxe8#,Qxe8#,True
966,Qxh7#,Qxh7#,True
967,Qxf8#,Qxf8#,True
968,Qg7#,Qh3#,False
969,Rxf1#,Rxf1#,True
970,Qg7#,Qg7#,True
971,Rh4#,Qh4#,False
972,Qg2#,Qh1#,False
973,Qxf3#,Qh7#,False
974,Qg2#,Qg2#,True
975,b5#,R1d5#,False
976,Qh7#,Qh7#,True
977,Re7#,Qe6#,False
978,Qf8#,Qf8#,True
979,Qxh2#,Qxh2#,True
980,Qxg2#,Qxg2#,True
981,Qg7#,Qg7#,True
982,Rg6#,Qh4#,False
983,Qxa7#,Qa5#,False
984,Rd1#,Rd1#,True
985,Qxf7#,Qxf7#,True
986,Qe1#,Qe1#,True
987,Qh6#,Qh6#,True
988,Qxh7#,Qxh7#,True
989,Re1#,Re1#,True
990,Qxf2#,Qxf2#,True
991,Ra1#,Ra1#,True
992,Qxh7#,Qxh7#,True
993,Qf8#,Qf8#,True
994,Qf2#,Qf2#,True
995,e8=Q#,Qe2#,False
996,Rb3#,Rb1#,False
997,Qd4#,Qd4#,True
998,Re7#,Rc2#,False
999,Qxh7#,Qxh7#,True
1000,Qxg7#,Qxg7#,True
1001,Qxf2#,Qxf2#,True
1002,Ra7#,Ra7#,True
1003,hxg8=Q#,hxg8=Q#,True
1004,Qxg2#,Qh4#,False
1005,Bg6#,Qh6#,False
1006,Qxf7#,Qxf7#,True
1007,Qg1#,Qg1#,True
1008,Ng3#,Qf2#,False
1009,Qb2#,Qb2#,True
1010,Qh7#,Qh7#,True
1011,Qe7#,Qh8#,False
1012,Qh8#,Qh8#,True
1013,Qf7#,Qf7#,True
1014,Qxe6#,Qxe6#,True
1015,Qc6#,Qc6#,True
1016,Bg5#,Qe2#,False
1017,Rc8#,Qc8#,False
1018,Qe8#,Qe8#,True
1019,Qxg2#,Qxg2#,True
1020,Qf7#,Qf7#,True
1021,f3#,Rh8#,False
1022,Bg6#,Qxh6#,False
1023,Qh2#,Qh2#,True
1024,Qxf2#,Qxf2#,True
1025,Qg3#,Qg3#,True
1026,Qh7#,Qh7#,True
1027,Qxa1#,Qxa1#,True
1028,Qxf2#,Qxf2#,True
1029,Qxb4#,Qxh3#,False
1030,R1h7#,R1h7#,True
1031,Qh4#,Qh4#,True
1032,Rf2#,Rf2#,True
1033,Qc4#,Qc4#,True
1034,Qxf8#,Qxf8#,True
1035,Qd4#,Qd4#,True
1036,Qh2#,Qh2#,True
1037,Qf7#,Qh7#,False
1038,Qxf7#,Qxf7#,True
1039,Rh2#,Rh2#,True
1040,Qxh7#,Qxh7#,True
1041,Qe8#,Qh3#,False
1042,Qxb2#,Qxb2#,True
1043,Qxe7#,Qxe7#,True
1044,Rh8#,Rh8#,True
1045,Rc1#,Rc1#,True
1046,Bxf6#,Qh7#,False
1047,Qc8#,Qc8#,True
1048,Rb8#,Rf7#,False
1049,f1=Q#,Qg8#,False
1050,Bxf7#,Qe7#,False
1051,Qxd8#,Qd8#,False
1052,Qxf2#,Qxf2#,True
1053,Qh2#,Qh2#,True
1054,Rd8#,Rd8#,True
1055,Rxf6#,Rxf6#,True
1056,Qb1#,Qb1#,True
1057,Rh8#,Rh8#,True
1058,Qc8#,Qc8#,True
1059,Qxh7#,Qxh7#,True
1060,Qg7#,Qh8#,False
1061,Qh5#,Qh5#,True
1062,Rc1#,Rc1#,True
1063,Qxh2#,Qxh2#,True
1064,Rxe6#,Rxe6#,True
1065,Rh6#,Rh8#,False
1066,Qe4#,Qe4#,True
1067,Rf4#,Rf4#,True
1068,Rd1#,Rd1#,True
1069,Qxg7#,Qxg7#,True
1070,Qf2#,Qf2#,True
1071,Rf7#,Qg7#,False
1072,Qxd1#,Qxd1#,True
1073,f6#,Qh7#,False
1074,Qxh3#,Qxh3#,True
1075,Rxa2#,Qa8#,False
1076,Qd8#,Qd8#,True
1077,Qc2#,Qc2#,True
1078,Qxf1#,Qf1#,False
1079,Rb1#,Rb1#,True
1080,Qg8#,Qh8#,False
1081,Qf7#,Qf7#,True
1082,Rxh2#,Rxh2#,True
1083,Qxh3#,Qxh3#,True
1084,Nf7#,Qe5#,False
1085,Rh8#,Qh7#,False
1086,Qh5#,Qh5#,True
1087,Qa3#,Qa3#,True
1088,Rb1#,Rb1#,True
1089,Bxf2#,Qh4#,False
1090,Qxg2#,Qh5#,False
1091,Qxa6#,Qxa6#,True
1092,g6#,Ng8#,False
1093,Rd1#,Rd1#,True
1094,Qh7#,Qh7#,True
1095,Nb5#,Qh7#,False
1096,Qxf1#,Qxf1#,True
1097,Qg2#,Qh1#,False
1098,Qe7#,Qe7#,True
1099,Qd1#,Qd1#,True
1100,Qxh7#,Qxh7#,True
1101,Qc6#,Qc6#,True
1102,Qh8#,Qh8#,True
1103,Rgxg6#,Qh6#,False
1104,Qc7#,Qc7#,True
1105,Qgg7#,Qgg7#,True
1106,f5#,Ra4#,False
1107,Qb5#,Qb5#,True
1108,Qxf7#,Qxf7#,True
1109,Qa8#,Qa8#,True
1110,Qh2#,Qh2#,True
1111,Qxe1#,Qxe1#,True
1112,Nxd3#,Qd6#,False
1113,Qg2#,Qg2#,True
1114,Qxg7#,Qxg7#,True
1115,Qxf2#,Qxf2#,True
1116,Qg2#,Qg2#,True
1117,Rh7#,Qh5#,False
1118,Qg3#,Qh4#,False
1119,Qh8#,Qh8#,True
1120,Rh7#,Qh4#,False
1121,Rxf2#,Rxf2#,True
1122,Ra7#,Ra7#,True
1123,Qxb7#,Qb7#,False
1124,Qh3#,Qh1#,False
1125,Ba3#,Bc4#,False
1126,Qxd2#,Qh6#,False
1127,Rf8#,Rf8#,True
1128,Re3#,Qd3#,False
1129,Rb1#,Rb1#,True
1130,Qxf7#,Qxf7#,True
1131,Qxh7#,Qxh7#,True
1132,Qxf8#,Qxf8#,True
1133,Qxf2#,Qxf2#,True
1134,Qxg7#,Qxg7#,True
1135,Rxa5#,Rxa5#,True
1136,Rc1#,Rc1#,True
1137,Qxf7#,Qxf7#,True
1138,Qxb4#,Qxb4#,True
1139,Qfh5#,Qh7#,False
1140,Ra8#,Ra8#,True
1141,Qh3#,Qh3#,True
1142,Qg7#,Qh7#,False
1143,Qxf3#,Qxf3#,True
1144,Rh8#,Qh7#,False
1145,Qxe2#,Qe4#,False
1146,Qf7#,Qf7#,True
1147,Rh2#,Rh2#,True
1148,Qf6#,Qf6#,True
1149,Nxf5#,Nxf5#,True
1150,Qd7#,Qh8#,False
1151,Qg7#,Qg7#,True
1152,Bf2#,Bf2#,True
1153,Qd2#,Qd2#,True
1154,Qe2#,Qe2#,True
1155,Qxg2#,Qxg2#,True
1156,Qd1#,Qd1#,True
1157,Ng6#,Bf7#,False
1158,Qc7#,Qc7#,True
1159,Rxc1#,Rxc1#,True
1160,Qa6#,Qa6#,True
1161,g7#,g7#,True
1162,Qd7#,Qd7#,True
1163,Rf1#,Rf1#,True
1164,Qxd6#,Qxd6#,True
1165,R1c7#,R1c7#,True
1166,Bc1#,Bc1#,True
1167,Rh1#,Rh1#,True
1168,Rh8#,Rh8#,True
1169,Qh8#,Qh8#,True
1170,Qc3#,Qc3#,True
1171,Qce5#,,False
1172,Ra4#,Ra4#,True
1173,Qh7#,Qh7#,True
1174,Qf8#,Qf8#,True
1175,Qxc8#,Qh8#,False
1176,Re8#,Re8#,True
1177,Qb7#,Qb7#,True
1178,Qb2#,Qb2#,True
1179,Qee1#,Qe5#,False
1180,Rxe8#,Rf1#,False
1181,Rd1#,Rd1#,True
1182,Rh1#,Rh1#,True
1183,Qxh7#,Qxh7#,True
1184,Qf7#,Qf7#,True
1185,Qxh7#,Qxh7#,True
1186,Rxe8#,Rxe8#,True
1187,Ng2#,Qh6#,False
1188,Rxe6#,Rxe6#,True
1189,Qxf8#,Qxf7#,False
1190,Qd5#,Qd5#,True
1191,Ra1#,Ra1#,True
1192,Qxf7#,Qxf7#,True
1193,Qxd1#,Qxd1#,True
1194,Ra1#,Ra1#,True
1195,Rb8#,Rb8#,True
1196,Bxf7#,Bxf7#,True
1197,Rg8#,Rg8#,True
1198,Qxh7#,Qxh7#,True
1199,Qb2#,Qb2#,True
1200,R3g6#,R3g6#,True
1201,R1d6#,R1d6#,True
1202,Qg2#,Qg2#,True
1203,Qh1#,Qh1#,True
1204,Rf8#,Rf8#,True
1205,Qa7#,Qa7#,True
1206,Qb1#,Qd7#,False
1207,Rh3#,Qh3#,False
1208,Rxf1#,Qa1#,False
1209,Qxh2#,Qxh2#,True
1210,Rg7#,Qf1#,False
1211,Qh7#,Qh7#,True
1212,Qb4#,Qb4#,True
1213,R4f3#,R4f3#,True
1214,Qg5#,Qh4#,False
1215,Qxf8#,Qxf8#,True
1216,Qg7#,Qh8#,False
1217,Rh5#,Rh5#,True
1218,Re1#,Re1#,True
1219,Qh2#,Qh2#,True
1220,Qg2#,Qh6#,False
1221,Rh4#,Rh4#,True
1222,Nc2#,Nc2#,True
1223,g3#,Rd8#,False
1224,Qxf8#,Qxf8#,True
1225,Qh7#,Qh7#,True
1226,Qc1#,Qc1#,True
1227,Qf8#,Qf8#,True
1228,Nd6#,Qf7#,False
1229,Qxf7#,Qxf7#,True
1230,Qg7#,Qg7#,True
1231,Qxe4#,Qxe4#,True
1232,Qh2#,Qh4#,False
1233,Rf1#,Rh2#,False
1234,Rg8#,Qg8#,False
1235,Qa5#,Qa5#,True
1236,Rf3#,Rf3#,True
1237,Ra6#,Ra6#,True
1238,Qh8#,Qh8#,True
1239,Qf7#,Qf7#,True
1240,Qe6#,Qe6#,True
1241,Ne2#,Ne2#,True
1242,Qxf1#,Qxf1#,True
1243,Qxg2#,Qxg2#,True
1244,Rc1#,Rc1#,True
1245,Bf3#,Rh8#,False
1246,Qxh8#,Qxh8#,True
1247,Qxh2#,Qxh2#,True
1248,Rd1#,Rh8#,False
1249,Qg7#,Qg7#,True
1250,Ra8#,Ra8#,True
1251,Rg1#,Rg1#,True
1252,Qc2#,Qc2#,True
1253,Qd2#,Qd2#,True
1254,Rxe8#,Rxe8#,True
1255,Qxg7#,Qxg7#,True
1256,Qb2#,Qb2#,True
1257,Qf8#,Qf8#,True
1258,Qe8#,Qe8#,True
1259,Ra5#,Ra5#,True
1260,Rcf2#,Rgf2#,False
1261,Qxa7#,Qxa7#,True
1262,Qxb5#,Qxb5#,True
1263,Bxf7#,Bxf7#,True
1264,Qxe8#,Qe8#,False
1265,Ne7#,Qh8#,False
1266,Rh7#,Rh7#,True
1267,Rh8#,Rh8#,True
1268,c6#,Rf7#,False
1269,Bg6#,Qh8#,False
1270,Qf5#,Qf5#,True
1271,Rh1#,Rh1#,True
1272,Qf1#,Qf1#,True
1273,Qg5#,Qg5#,True
1274,Qxg2#,Qxg2#,True
1275,Rf1#,Rf1#,True
1276,Bd4#,Bf4#,False
1277,Rd8#,Qh7#,False
1278,Nf2#,Qh3#,False
1279,Qxf1#,Qxf1#,True
1280,Rxe8#,Rxe8#,True
1281,Qg3#,Qh3#,False
1282,Qb7#,Qb7#,True
1283,Qxb3#,Qxb3#,True
1284,Qb1#,Qb1#,True
1285,Qxh7#,Qxh7#,True
1286,Qxh7#,Qxh7#,True
1287,Qa2#,Qa2#,True
1288,Qh2#,Qh2#,True
1289,Qxh7#,Qxh7#,True
1290,Rh2#,Rh2#,True
1291,Qh7#,Qh7#,True
1292,Qxh7#,Qxh7#,True
1293,Rxf1#,Qh3#,False
1294,Qd7#,Qd7#,True
1295,Qe7#,Qc8#,False
1296,e1=Q#,e1=Q#,True
1297,Qa8#,Qa8#,True
1298,b1=Q#,Qa8#,False
1299,Qh4#,Qh4#,True
1300,Qb2#,Qb2#,True
1301,Qg7#,Qg7#,True
1302,Qg5#,Qh4#,False
1303,Bg3#,Bg3#,True
1304,Qxg7#,Qxg7#,True
1305,Nf7#,Kh5#,False
1306,Qh8#,Qh8#,True
1307,Nh6#,Qh8#,False
1308,Qe8#,Qa5#,False
1309,Qb4#,Qb4#,True
1310,Nh3#,Nh3#,True
1311,Rg8#,Rg8#,True
1312,Qxh2#,Qxh2#,True
1313,Re4#,Qh7#,False
1314,Nc7#,Nc7#,True
1315,Ra1#,Ra1#,True
1316,Qxc7#,Qxc7#,True
1317,Bh3#,Qh5#,False
1318,Qxf5#,Qh4#,False
1319,Rh8#,Qh1#,False
1320,Bf6#,Qh7#,False
1321,Qxh5#,Qxh5#,True
1322,Nh7#,Nh7#,True
1323,Rc8#,Rc8#,True
1324,Re1#,Re1#,True
1325,Qxh7#,Qxh7#,True
1326,Qxf7#,Qxf7#,True
1327,Rg1#,Rg1#,True
1328,Qf5#,Qf5#,True
1329,Qxc3#,Qxc3#,True
1330,Rh2#,Rh2#,True
1331,Qg8#,Qg8#,True
1332,Rxf1#,Rf7#,False
1333,Bf5#,Rh6#,False
1334,Qxg2#,Qxg2#,True
1335,Qg7#,Qg7#,True
1336,Qe3#,Qe3#,True
1337,Rd3#,Qh7#,False
1338,Rxa3#,Qb3#,False
1339,Qxc1#,Qxc1#,True
1340,Rb8#,Rb8#,True
1341,Qh8#,Qh8#,True
1342,Qxf2#,Qxf2#,True
1343,Qxh3#,Qxh3#,True
1344,Rg5#,Rg5#,True
1345,Qd8#,Qd8#,True
1346,Qxa1#,Qxa1#,True
1347,Qb7#,Qb7#,True
1348,Rd8#,Qd8#,False
1349,Ra1#,Ra1#,True
1350,Rh8#,Rh1#,False
1351,Qe2#,Qe2#,True
1352,Rxf1#,Rxf1#,True
1353,Rc1#,Rc1#,True
1354,h2#,h2#,True
1355,Re1#,Re1#,True
1356,Rh1#,Rh1#,True
1357,Qa1#,Qa1#,True
1358,Rfxf2#,Rfxf2#,True
1359,Rxf1#,Rxf1#,True
1360,Qd2#,Qd3#,False
1361,Rh1#,Rh1#,True
1362,Qg3#,Qg3#,True
1363,Qxg2#,Qh6#,False
1364,Qxc7#,Qxc7#,True
1365,Qxc7#,Qc5#,False
1366,g1=N#,Rc3#,False
1367,Qf1#,Qf1#,True
1368,Qg7#,Qh8#,False
1369,exf3#,Rf8#,False
1370,Qh7#,Qh7#,True
1371,Ra3#,Rhh1#,False
1372,Qh3#,Qh3#,True
1373,Qxg7#,Qxh6#,False
1374,Qxg7#,Qxg7#,True
1375,Rh2#,Rh2#,True
1376,Qh1#,Qh1#,True
1377,Bh3#,Bh3#,True
1378,Qxf7#,Qxf7#,True
1379,Bf3#,Bf3#,True
1380,Qxa8#,Qxa8#,True
1381,Ra6#,Ra6#,True
1382,Rd1#,Rd1#,True
1383,Rxf8#,Rxf8#,True
1384,Qg5#,Qg5#,True
1385,Rb8#,Rb8#,True
1386,Nxf2#,,False
1387,Qxf6#,Qxf6#,True
1388,Qxc7#,Qxc7#,True
1389,Qxg7#,Qxg7#,True
1390,Qxh7#,Qxh7#,True
1391,Qxh2#,Qxh2#,True
1392,Qg6#,Qh8#,False
1393,Qb1#,Qb1#,True
1394,Qb2#,Qb2#,True
1395,Qxh2#,Qxh2#,True
1396,Qh1#,Qh1#,True
1397,Rf8#,Rf8#,True
1398,Qh1#,Qh1#,True
1399,Re4#,Qc3#,False
1400,Qxg2#,Qxg2#,True
1401,Qxd8#,Qxd8#,True
1402,Rg8#,Rg8#,True
1403,Qg2#,Qg2#,True
1404,Qb2#,Qb2#,True
1405,Re8#,Re8#,True
1406,Qc2#,Qc1#,False
1407,Rc5#,Rc5#,True
1408,Qb2#,Qb2#,True
1409,Qxg2#,Qxg2#,True
1410,Qxe6#,Qxe6#,True
1411,Qh7#,Qh7#,True
1412,Qf7#,Qh7#,False
1413,Rh2#,Rh2#,True
1414,Qxb2#,Qxb2#,True
1415,Qc7#,Qc7#,True
1416,Qxg6#,Qxg6#,True
1417,Qxf7#,Qxf7#,True
1418,Rxe8#,Re8#,False
1419,Rd8#,Rf7#,False
1420,Qg4#,Qg4#,True
1421,Qg7#,Qg7#,True
1422,Qxg2#,Qxg2#,True
1423,Rh8#,Rh8#,True
1424,Rh7#,Qh7#,False
1425,Qa8#,Qh5#,False
1426,Qd8#,Qd8#,True
1427,Qb5#,Qb5#,True
1428,Qg8#,Qg8#,True
1429,Qe8#,Qh2#,False
1430,Rd4#,Rd4#,True
1431,Rd8#,Rd8#,True
1432,Qb2#,Qb2#,True
1433,Qh1#,Qh1#,True
1434,Qa8#,Qa8#,True
1435,Rxe1#,Rxe1#,True
1436,Bxg2#,Qh6#,False
1437,Qxh2#,Qxh2#,True
1438,Qxg7#,Qxg7#,True
1439,b2#,Rf8#,False
1440,Qb4#,Qb4#,True
1441,Rb8#,Rb8#,True
1442,Qxh7#,Qxh7#,True
1443,Ra3#,Ra3#,True
1444,Rf7#,Qh7#,False
1445,Rxe1#,Rxe1#,True
1446,Qxg7#,Qxh7#,False
1447,Rxg3#,Rxg3#,True
1448,Qf4#,Qf4#,True
1449,Qh5#,Qh5#,True
1450,Qf7#,Qf7#,True
1451,Qg2#,Qg2#,True
1452,Qc2#,Qc2#,True
1453,Qxe3#,Qxe3#,True
1454,Qxg2#,Qxg2#,True
1455,Rxe1#,Rxe1#,True
1456,Rxe8#,Rxe8#,True
1457,Qxf7#,Qf6#,False
1458,Qxb2#,Qh2#,False
1459,Qg7#,Qg7#,True
1460,Qh6#,Qh6#,True
1461,Qg2#,Qg2#,True
1462,Qxf7#,Qxf7#,True
1463,Rxa3#,Rxa3#,True
1464,Nf6#,Qh8#,False
1465,Rh8#,Rxg6#,False
1466,Qxb2#,Qxb2#,True
1467,Ra1#,Ra1#,True
1468,Bxd5#,Rh8#,False
1469,Na2#,Na2#,True
1470,Rh1#,Qf4#,False
1471,Rc1#,Rc1#,True
1472,Qxb2#,Qh6#,False
1473,Qb6#,Qb6#,True
1474,Qxg2#,Qxg2#,True
1475,Qxg2#,Qxg2#,True
1476,Qxh2#,Qxh2#,True
1477,Rf7#,Rh7#,False
1478,Qf7#,Qf7#,True
1479,Rc1#,Rc1#,True
1480,Qf1#,Qf1#,True
1481,Qd2#,Qd2#,True
1482,Qh8#,Qh8#,True
1483,Qh7#,Qh7#,True
1484,Qg1#,Qg1#,True
1485,Qg7#,Qh7#,False
1486,Rd8#,Qh8#,False
1487,Qg7#,Qg7#,True
1488,Qh7#,Qh7#,True
1489,Qxh2#,Qxh2#,True
1490,Rxc3#,Qf1#,False
1491,f1=Q#,f1=Q#,True
1492,Nd5#,Nd5#,True
1493,Qxh2#,Qxh2#,True
1494,Bxf7#,Qf3#,False
1495,Qd1#,Qd1#,True
1496,Qxf7#,Qxf7#,True
1497,Qg2#,Qg2#,True
1498,Rxg4#,Rh3#,False
1499,Rb8#,Rb8#,True
1500,Rh2#,Rh2#,True
1501,Qxe8#,Qe7#,False
1502,Qxf7#,Qh6#,False
1503,Qxe8#,Qxe8#,True
1504,Qg1#,Qg1#,True
1505,Qxh7#,Qxh7#,True
1506,Qxh2#,Qxh2#,True
1507,Qxf7#,Qxf7#,True
1508,Qe4#,Qh8#,False
1509,Qg2#,Qg2#,True
1510,Qxg2#,Qxg2#,True
1511,Qh1#,Qh1#,True
1512,Qf4#,Qf4#,True
1513,Qf7#,Qf7#,True
1514,Re8#,Re8#,True
1515,Qb2#,Qb2#,True
1516,Qxg7#,Qxg7#,True
1517,Rg6#,Rg6#,True
1518,a4#,Qc4#,False
1519,Qf7#,Qh7#,False
1520,Qxd8#,Qh6#,False
1521,Qg2#,Qg2#,True
1522,Qxf8#,Qxf8#,True
1523,Re8#,Rf7#,False
1524,Qe8#,Qe8#,True
1525,Rxa5#,Rxa5#,True
1526,Rc8#,Qh3#,False
1527,Qxb2#,Qxb2#,True
1528,Qxf2#,Qxf2#,True
1529,f4#,Qf1#,False
1530,Qxh7#,Qxh7#,True
1531,Qxb7#,Qb5#,False
1532,Qxh3#,Qxh3#,True
1533,Qxg2#,Qxg2#,True
1534,Qxe1#,Qe5#,False
1535,Qg2#,Qg2#,True
1536,Qxf8#,Qh5#,False
1537,Qc8#,Qc8#,True
1538,Rh5#,Rh5#,True
1539,Re8#,Re8#,True
1540,Rd1#,Rd1#,True
1541,Qd3#,Qd3#,True
1542,Rxb2#,Qb6#,False
1543,Rf8#,Rf8#,True
1544,Qf7#,Qf7#,True
1545,Qd2#,Qd2#,True
1546,Qb5#,Qb5#,True
1547,Rxe8#,Rxe8#,True
1548,Qxg7#,Qxg7#,True
1549,Qe6#,Qe6#,True
1550,Qxg2#,Qxg2#,True
1551,Qxf7#,Qxf7#,True
1552,Ne2#,Qh1#,False
1553,Qg2#,Qg2#,True
1554,Qd8#,Qd8#,True
1555,Qg7#,Qg1#,False
1556,Qh7#,Qh7#,True
1557,Qxg2#,Qh2#,False
1558,Rf1#,Rf1#,True
1559,Rh2#,Rh2#,True
1560,Rh8#,Rh8#,True
1561,Qxg2#,Qxg2#,True
1562,Rf3#,Rf3#,True
1563,Qf2#,Qf2#,True
1564,Qxd1#,Qxd1#,True
1565,Qh3#,Qh3#,True
1566,Qf7#,Qf7#,True
1567,Qh7#,Qh7#,True
1568,Bxf6#,Rg8#,False
1569,Rh8#,Rh8#,True
1570,Rd1#,R8d7#,False
1571,Rxd1#,Qd6#,False
1572,Qh2#,Qh2#,True
1573,Qg4#,Qg4#,True
1574,Qh7#,Qh7#,True
1575,Re1#,Rf7#,False
1576,Qg6#,Qh7#,False
1577,Rxf8#,Rxf8#,True
1578,Qxc2#,Qxc2#,True
1579,Ng3#,Ng3#,True
1580,Qf2#,Qf2#,True
1581,Qh8#,Qh8#,True
1582,Rxe5#,Rhh1#,False
1583,Qxh7#,Qh7#,False
1584,Qxg7#,Qxg7#,True
1585,Rxd8#,Qh7#,False
1586,Qd8#,Qd8#,True
1587,Rd1#,Qa1#,False
1588,Rd8#,Qh7#,False
1589,Qxe3#,Qh1#,False
1590,Qxf8#,Qxf8#,True
1591,Qd3#,Qd3#,True
1592,Qe5#,Qe5#,True
1593,R8a3#,R8a3#,True
1594,Qd1#,Qd1#,True
1595,Qxd2#,Qxd2#,True
1596,Qd5#,Qd5#,True
1597,Qg4#,Qh3#,False
1598,Rc8#,Qb8#,False
1599,Rxd1#,Rd1#,False
1600,Rd1#,Rd1#,True
1601,Qxe1#,,False
1602,Rdg8#,Rhg8#,False
1603,Qg6#,Qg6#,True
1604,Rxf1#,Rxf1#,True
1605,Qxg7#,Qxg7#,True
1606,Qxf7#,Qxf7#,True
1607,Rgf7#,Rgf7#,True
1608,e7#,Rf7#,False
1609,Re8#,Rg1#,False
1610,Qxg7#,Qxg7#,True
1611,Re1#,Re6#,False
1612,Rxd1#,Rxd1#,True
1613,Rf6#,Qh7#,False
1614,Qh2#,Qh2#,True
1615,Qg4#,Qg4#,True
1616,Qe4#,Qe4#,True
1617,Qxf8#,Qxf8#,True
1618,Qxg2#,Qxg2#,True
1619,Qxf4#,Qxf4#,True
1620,Qg2#,Qg2#,True
1621,Qf1#,Qf1#,True
1622,Qg7#,Qh8#,False
1623,Qe2#,Qe2#,True
1624,Qcg1#,Qcg1#,True
1625,Qg4#,Qg4#,True
1626,Qxb7#,Qxb7#,True
1627,Qxe6#,Qxe6#,True
1628,Qd2#,Qd2#,True
1629,Rh1#,Rh1#,True
1630,Qe8#,Qe8#,True
1631,Qh7#,Qh7#,True
1632,Rd8#,Rd8#,True
1633,Qxf1#,Qxf1#,True
1634,Qh7#,Qh7#,True
1635,Re1#,Rxg2#,False
1636,Qd1#,Qd1#,True
1637,Rf4#,Rf4#,True
1638,Ra8#,Qg8#,False
1639,Qxd8#,Qd8#,False
1640,Qg7#,Qg7#,True
1641,Qxb6#,Qc2#,False
1642,Qc7#,Qh7#,False
1643,Qxc2#,Qa1#,False
1644,Qc2#,Qc2#,True
1645,Qg6#,Qg8#,False
1646,Rxe1#,Qh4#,False
1647,Qh1#,Qh1#,True
1648,Qf7#,Qf7#,True
1649,Nf3#,Rf8#,False
1650,Rg1#,Rg1#,True
1651,Rxe8#,Rxe8#,True
1652,Rxf8#,Qh7#,False
1653,f6#,Rb8#,False
1654,Qxf8#,Qxf8#,True
1655,Rc1#,Rc1#,True
1656,Rxd8#,Rxd8#,True
1657,Qxd8#,Qxd8#,True
1658,Qxe2#,Qe6#,False
1659,Qe2#,Qe2#,True
1660,Rf6#,Rf6#,True
1661,Qxf7#,Qxf7#,True
1662,Qxe3#,Qb2#,False
1663,Qxa6#,Qxa6#,True
1664,Re8#,Re8#,True
1665,Qg2#,Qg2#,True
1666,Rf2#,Rh2#,False
1667,Qxf8#,Qxf8#,True
1668,Rxd8#,Rxd8#,True
1669,Ra1#,Ra1#,True
1670,Qf2#,Qf2#,True
1671,Rd8#,Rd8#,True
1672,Qxg7#,Qxg7#,True
1673,Qxf8#,Qxf8#,True
1674,Rd8#,Rd8#,True
1675,Ra1#,Ra1#,True
1676,Qxf8#,Qxf8#,True
1677,Qxb2#,Qxb2#,True
1678,Nf6#,Nf6#,True
1679,Bxf7#,Bxf7#,True
1680,Rxf1#,Rf8#,False
1681,Qxg7#,Qxg7#,True
1682,Rd1#,Rd1#,True
1683,Qxf7#,Qxf7#,True
1684,Qh7#,Qh7#,True
1685,R5h6#,R5h6#,True
1686,Qd1#,Qd1#,True
1687,Qxg7#,Qxg7#,True
1688,Qxf7#,Qxf7#,True
1689,Re8#,Re8#,True
1690,Qc7#,Qe8#,False
1691,Qxf2#,Qxf2#,True
1692,Qf7#,Qf7#,True
1693,Qg2#,Qg2#,True
1694,Rxc8#,Rxc8#,True
1695,Qxh2#,Qh6#,False
1696,Qh7#,Qh7#,True
1697,Rxe1#,Qf7#,False
1698,Qg6#,Qg6#,True
1699,Qxh7#,Qxh7#,True
1700,Qxe6#,Qxh6#,False
1701,Rxd8#,Rxd8#,True
1702,Qd2#,Qd2#,True
1703,Qxf2#,Qxf2#,True
1704,Rxf8#,Rf8#,False
1705,Qh2#,Qh2#,True
1706,Qhh1#,Qh2#,False
1707,Rxc1#,Rxc1#,True
1708,d7#,Nf7#,False
1709,Qh6#,Qh6#,True
1710,Qxf7#,Qxf7#,True
1711,Qxf2#,Qxf2#,True
1712,Qg7#,Qh8#,False
1713,Qh1#,Qh1#,True
1714,Qxf7#,Qxf7#,True
1715,Qxf1#,Qxf1#,True
1716,Qxh2#,Qxh2#,True
1717,Qb8#,Qb8#,True
1718,Rxe1#,Rxe1#,True
1719,Qg2#,Qg2#,True
1720,Bg3#,Bg3#,True
1721,Qxe2#,Qe2#,False
1722,Qd7#,Qd7#,True
1723,Rxd1#,Rxd1#,True
1724,Rh8#,Rh8#,True
1725,Rg8#,Qxf7#,False
1726,Rxe8#,Qe3#,False
1727,Rexe6#,Qe8#,False
1728,Qxe1#,Qxe1#,True
1729,Qf1#,Qf1#,True
1730,Qf7#,Qf7#,True
1731,Rh8#,Rh8#,True
1732,Nf3#,Nf3#,True
1733,Rxf3#,Qc3#,False
1734,Qxf6#,Qxf6#,True
1735,Qa2#,Qf2#,False
1736,Nf7#,Nf7#,True
1737,Qh2#,Qh2#,True
1738,Rh7#,Rh7#,True
1739,Rxe1#,Rxe1#,True
1740,Qf2#,Qh1#,False
1741,Qxe7#,Qxe7#,True
1742,Qa8#,Qa8#,True
1743,Nxa7#,Nxa7#,True
1744,Qd2#,Qd2#,True
1745,Qxg7#,Qxg7#,True
1746,Qh6#,Qh8#,False
1747,Qxh7#,Qxh7#,True
1748,Qe7#,Qe4#,False
1749,Qxc6#,Qxc6#,True
1750,Rxh6#,Qd7#,False
1751,Rd8#,Rd8#,True
1752,Qxd8#,Qd8#,False
1753,Qxh7#,Qxh7#,True
1754,Bxf2#,Bxf2#,True
1755,Ne5#,Qh6#,False
1756,Qxd3#,Qh5#,False
1757,Qb2#,Qb2#,True
1758,Qxh7#,Qxh7#,True
1759,Qd4#,Qd4#,True
1760,Qh2#,Qh2#,True
1761,Qg7#,Qg7#,True
1762,Rh8#,Rh8#,True
1763,Qxc4#,Qxc4#,True
1764,Qxd5#,Qxd5#,True
1765,Rxd8#,Qxf8#,False
1766,Qg2#,Qg2#,True
1767,Rg8#,Qh8#,False
1768,Qd7#,Qd7#,True
1769,Qxh7#,Qxh7#,True
1770,Nf2#,Qh5#,False
1771,Qh6#,Qh6#,True
1772,d2#,d2#,True
1773,Qb3#,Qb3#,True
1774,Qxc7#,Qxc7#,True
1775,Qh8#,Qh8#,True
1776,Qxg2#,Qxg2#,True
1777,Qxb6#,Qxb6#,True
1778,Bg6#,Bf5#,False
1779,Rh1#,Qh1#,False
1780,Rc3#,Qc7#,False
1781,Qg2#,Qg2#,True
1782,Qg8#,Qg8#,True
1783,Qb6#,Qb6#,True
1784,Qxg7#,Qxg7#,True
1785,Nxh7#,Qh5#,False
1786,Qf2#,Qh4#,False
1787,Qxh3#,Qxh3#,True
1788,Qb2#,Qb2#,True
1789,Qh7#,Qh7#,True
1790,Rf4#,Rf4#,True
1791,Rxg8#,Rxg8#,True
1792,Rxh7#,Rxh7#,True
1793,Qxg2#,Qxg2#,True
1794,Qxf7#,Qxf7#,True
1795,Qa1#,Qa1#,True
1796,Qd1#,Qd1#,True
1797,Rd8#,Rd8#,True
1798,Qe7#,Qe7#,True
1799,Qh3#,Qh3#,True
1800,Qh8#,Qh8#,True
1801,Re2#,Re2#,True
1802,Qxh7#,Qxh7#,True
1803,Bxc4#,Ra8#,False
1804,Qxe7#,Qe6#,False
1805,b5#,Qb4#,False
1806,Qxe7#,Qe7#,False
1807,Rd2#,Qd1#,False
1808,Qg1#,Qh2#,False
1809,Rb5#,Qh4#,False
1810,Rxd8#,Rd8#,False
1811,Re2#,Rf2#,False
1812,Qb1#,Qb1#,True
1813,Qg1#,Qf2#,False
1814,Qg4#,Qg4#,True
1815,Qa5#,Qa5#,True
1816,Qxg7#,Qxg7#,True
1817,Qxd1#,Qxd1#,True
1818,Qxh7#,Qxh7#,True
1819,Rh6#,Rh6#,True
1820,Qg2#,Qh6#,False
1821,Qe2#,Qe2#,True
1822,Rh2#,Rh2#,True
1823,Qc2#,Qc1#,False
1824,Rd1#,Qh2#,False
1825,Ra1#,Ra1#,True
1826,Ba3#,Ba3#,True
1827,Qxg2#,Qxg2#,True
1828,Qxh2#,Qh6#,False
1829,Qh2#,Qh2#,True
1830,Qcc1#,Qcc1#,True
1831,Qh8#,Qh8#,True
1832,Rxd5#,Qd2#,False
1833,Qh3#,Qh3#,True
1834,Rd8#,Rd8#,True
1835,Rh1#,Rh1#,True
1836,Rhd7#,Rh8#,False
1837,Qb5#,Qb5#,True
1838,Qxg7#,Qxg7#,True
1839,Rc8#,Rc1#,False
1840,Qh4#,Qh4#,True
1841,f4#,f4#,True
1842,Qf2#,Qf2#,True
1843,Qxg5#,Qxg5#,True
1844,Qxh7#,Qxh7#,True
1845,Qxe7#,Qe5#,False
1846,Qxg1#,Qxg1#,True
1847,Qxf7#,Qxf7#,True
1848,Qxf3#,Qf2#,False
1849,Qg5#,Qg5#,True
1850,Qh4#,Qh4#,True
1851,Qd1#,Qf1#,False
1852,Ra8#,Rf6#,False
1853,Rcg2#,Rh1#,False
1854,Rf2#,Rf2#,True
1855,Qg4#,Qg4#,True
1856,Nxc6#,Qxf6#,False
1857,Qxh2#,Qxh2#,True
1858,Qf2#,Qf2#,True
1859,Qb3#,Qb3#,True
1860,Ra2#,Ra2#,True
1861,Qe7#,Qe7#,True
1862,Qxd8#,Qxd8#,True
1863,Qxg5#,Qxg5#,True
1864,Qf7#,Qf7#,True
1865,Qd1#,Qd1#,True
1866,Rb8#,Rb8#,True
1867,Re5#,Re4#,False
1868,Qxb6#,Qb1#,False
1869,Qa8#,Qa8#,True
1870,Qxf1#,Qxf1#,True
1871,Qf2#,Qf2#,True
1872,Qxg2#,Qxg2#,True
1873,Rh1#,Rh1#,True
1874,Rd8#,Qd8#,False
1875,Rd8#,Rf3#,False
1876,Rxd8#,Rxd8#,True
1877,Qg7#,Qg7#,True
1878,Bg5#,Qg8#,False
1879,Qxf6#,Qxf6#,True
1880,Qb3#,Qb3#,True
1881,Rxe8#,Qh7#,False
1882,Qh8#,Qh8#,True
1883,Qxg2#,Qxg2#,True
1884,Rd1#,Rd1#,True
1885,Re1#,Qa2#,False
1886,Rc8#,Qf7#,False
1887,Qf2#,Qf2#,True
1888,Qa8#,Qa8#,True
1889,Qxg4#,Qxg4#,True
1890,Qxb2#,Qxb2#,True
1891,Qf2#,Qh2#,False
1892,Qxf2#,Qxf2#,True
1893,Qf4#,Qf4#,True
1894,Rd1#,Qh2#,False
1895,Ra4#,Ra4#,True
1896,Qxf7#,Qxf7#,True
1897,Rxd8#,Qc1#,False
1898,Bf6#,Rg4#,False
1899,Qxg7#,Qxg7#,True
1900,Qxb4#,Qxb4#,True
